Référence;ref four;fournisseur;qte;prix achat
100072;100072;BLM;100;19.8
100074;100074;BLM;50;54.18
100075;100075;BLM;100;19.8
100079;100079;BLM;1;14.04
100092;100092;BLM;50;9.9
100094;100094;BLM;50;56.38
100095;100095;BLM;50;9.9
100099;100099;BLM;1;14.89
100112;100112;BLM;50;11.28
100114;100114;BLM;50;81.13
100115;100115;BLM;50;11.28
100119;100119;BLM;1;15.32
100122;100122;BLM;100;19.8
100124;100124;BLM;50;58.58
100125;100125;BLM;100;19.8
100129;100129;BLM;1;13.62
100132;100132;BLM;50;12.93
100134;100134;BLM;50;82.23
100135;100135;BLM;50;12.93
100139;100139;BLM;1;17.87
100162;100162;BLM;50;9.9
100164;100164;BLM;50;58.58
100169;100169;BLM;1;11.92
100172;100172;BLM;50;13.75
100174;100174;BLM;25;50.74
100175;100175;BLM;50;13.75
100179;100179;BLM;1;21.27
100182;100182;BLM;50;11.28
100185;100185;BLM;50;11.28
100202;100202;BLM;50;12.93
100204;100204;BLM;50;85.8
100205;100205;BLM;50;12.93
100209;100209;BLM;1;12.76
100212;100212;BLM;25;9.9
100214;100214;BLM;25;77.83
100215;100215;BLM;25;9.9
100219;100219;BLM;1;32.33
100222;100222;BLM;50;13.75
100225;100225;BLM;50;13.75
100252;100252;BLM;25;9.9
100254;100254;BLM;25;52.94
100255;100255;BLM;25;9.9
100259;100259;BLM;1;17.87
100264;100264;BLM;25;68.48
100292;100292;BLM;20;16.61
100294;100294;BLM;20;93.72
100295;100295;BLM;20;16.61
100299;100299;BLM;1;32.33
100322;100322;BLM;20;16.61
100324;100324;BLM;25;80.03
100325;100325;BLM;20;16.61
100329;100329;BLM;1;28.93
100334;100334;BLM;25;124.17
100362;100362;BLM;10;27.67
100364;100364;BLM;15;101.31
100365;100365;BLM;10;27.67
100369;100369;BLM;1;76.56
100402;100402;BLM;10;27.67
100404;100404;BLM;20;144.43
100405;100405;BLM;10;27.67
100409;100409;BLM;1;65.5
100414;100414;BLM;20;133.76
100422;100422;BLM;10;35.42
100424;100424;BLM;5;69.85
100425;100425;BLM;10;35.42
100429;100429;BLM;1;157.37
100482;100482;BLM;10;48.29
100484;100484;BLM;5;157.74
100485;100485;BLM;10;48.29
100489;100489;BLM;1;174.38
100502;100502;BLM;10;35.42
100504;100504;BLM;5;69.85
100505;100505;BLM;10;35.42
100509;100509;BLM;1;127.6
100524;100524;BLM;5;64.68
100632;100632;BLM;10;48.29
100634;100634;BLM;5;157.74
100635;100635;BLM;10;48.29
100639;100639;BLM;1;170.13
100654;100654;BLM;5;167.48
101074;101074;BLM;50;117.43
101094;101094;BLM;50;108.35
101114;101114;BLM;50;144.38
101124;101124;BLM;50;108.35
101134;101134;BLM;50;144.38
101164;101164;BLM;50;103.13
101174;101174;BLM;25;99.14
101204;101204;BLM;50;130.9
101214;101214;BLM;25;146.58
101254;101254;BLM;25;92.4
101294;101294;BLM;20;333.52
101324;101324;BLM;25;140.94
101364;101364;BLM;15;310.95
101404;101404;BLM;20;315.48
101424;101424;BLM;5;126.2
101484;101484;BLM;5;292.91
101504;101504;BLM;5;94.66
101634;101634;BLM;5;254.63
102014;102014;BLM;1;52.61
102072;102072;BLM;100;5.5
102074;102074;BLM;100;12.65
102075;102075;BLM;50;2.75
102079;102079;BLM;1;1.6
102092;102092;BLM;50;2.75
102094;102094;BLM;100;12.65
102095;102095;BLM;50;2.75
102099;102099;BLM;1;2.11
102104;102104;BLM;1;2.56
102112;102112;BLM;50;2.75
102114;102114;BLM;100;12.65
102115;102115;BLM;50;2.75
102119;102119;BLM;1;2.35
102122;102122;BLM;50;3.03
102124;102124;BLM;100;13.2
102125;102125;BLM;50;3.3
102129;102129;BLM;1;2.63
102132;102132;BLM;50;2.75
102134;102134;BLM;100;13.2
102135;102135;BLM;50;2.75
102139;102139;BLM;1;2.82
102144;102144;BLM;1;0.77
102154;102154;BLM;1;3
102162;102162;BLM;50;3.3
102164;102164;BLM;100;15.95
102165;102165;BLM;50;3.3
102169;102169;BLM;1;3.59
102172;102172;BLM;50;3.3
102174;102174;BLM;100;15.4
102175;102175;BLM;50;3.3
102179;102179;BLM;1;3.28
102184;102184;BLM;1;3.51
102202;102202;BLM;50;3.3
102204;102204;BLM;100;20.9
102205;102205;BLM;50;3.3
102209;102209;BLM;1;3.67
102212;102212;BLM;25;1.79
102214;102214;BLM;100;22.55
102215;102215;BLM;25;1.79
102219;102219;BLM;1;3.94
102224;102224;BLM;1;5.74
102252;102252;BLM;50;3.85
102254;102254;BLM;100;31.35
102255;102255;BLM;50;3.85
102259;102259;BLM;1;4.03
102284;102284;BLM;1;8.79
102292;102292;BLM;20;2.42
102294;102294;BLM;50;24.48
102295;102295;BLM;20;2.42
102299;102299;BLM;1;14.04
102304;102304;BLM;1;11.79
102322;102322;BLM;25;2.89
102324;102324;BLM;100;51.7
102325;102325;BLM;25;2.89
102329;102329;BLM;1;6.51
102344;102344;BLM;1;0.96
102362;102362;BLM;10;2.2
102364;102364;BLM;25;21.04
102365;102365;BLM;10;2.2
102369;102369;BLM;1;20.12
102384;102384;BLM;1;0.77
102402;102402;BLM;10;2.42
102404;102404;BLM;50;35.2
102405;102405;BLM;10;2.42
102409;102409;BLM;1;14.51
102414;102414;BLM;1;49.67
102422;102422;BLM;5;1.49
102424;102424;BLM;25;52.53
102425;102425;BLM;5;1.49
102429;102429;BLM;1;26.21
102482;102482;BLM;10;4.4
102484;102484;BLM;25;52.53
102485;102485;BLM;5;2.2
102489;102489;BLM;1;29.95
102502;102502;BLM;10;3.91
102504;102504;BLM;50;107.53
102505;102505;BLM;10;3.91
102509;102509;BLM;1;25.08
102514;102514;BLM;1;13.06
102614;102614;BLM;1;16.77
102632;102632;BLM;5;2.4
102634;102634;BLM;10;42.08
102635;102635;BLM;5;2.4
102639;102639;BLM;1;44.92
102754;102754;BLM;1;15.47
102814;102814;BLM;1;34.12
102904;102904;BLM;1;25.05
103074;103074;BLM;100;25.85
103094;103094;BLM;100;19.8
103114;103114;BLM;100;22
103124;103124;BLM;100;25.3
103134;103134;BLM;100;24.75
103164;103164;BLM;100;30.8
103174;103174;BLM;100;25.85
103204;103204;BLM;100;46.75
103214;103214;BLM;100;31.9
103254;103254;BLM;100;60.5
103294;103294;BLM;50;29.7
103324;103324;BLM;100;89.1
103364;103364;BLM;25;29.7
103404;103404;BLM;50;109.18
103424;103424;BLM;25;44.55
103484;103484;BLM;25;54.87
103504;103504;BLM;50;202.4
103634;103634;BLM;10;63.2
104072;104072;BLM;50;5.78
104074;104074;BLM;50;11.83
104075;104075;BLM;50;5.78
104092;104092;BLM;50;4.4
104094;104094;BLM;50;15.4
104095;104095;BLM;50;4.4
104112;104112;BLM;50;4.68
104114;104114;BLM;50;21.73
104115;104115;BLM;50;4.68
104122;104122;BLM;50;3.58
104124;104124;BLM;50;17.33
104125;104125;BLM;50;3.58
104132;104132;BLM;50;4.95
104134;104134;BLM;50;22.55
104135;104135;BLM;50;4.95
104162;104162;BLM;50;5.5
104164;104164;BLM;50;18.98
104165;104165;BLM;50;5.5
104172;104172;BLM;50;5.78
104174;104174;BLM;25;13.75
104175;104175;BLM;50;5.78
104202;104202;BLM;50;6.05
104204;104204;BLM;50;26.4
104205;104205;BLM;50;6.05
104212;104212;BLM;25;3.58
104214;104214;BLM;20;18.92
104215;104215;BLM;25;3.58
104252;104252;BLM;50;6.6
104254;104254;BLM;20;14.63
104255;104255;BLM;50;6.6
104292;104292;BLM;20;5.72
104294;104294;BLM;15;24.34
104295;104295;BLM;20;5.72
104322;104322;BLM;20;4.29
104324;104324;BLM;15;20.96
104325;104325;BLM;20;4.29
104362;104362;BLM;5;1.74
104364;104364;BLM;10;37.9
104365;104365;BLM;5;1.74
104402;104402;BLM;10;4.84
104404;104404;BLM;10;24.37
104405;104405;BLM;10;4.84
104422;104422;BLM;1;1.43
104424;104424;BLM;10;54.12
104482;104482;BLM;1;3.11
104484;104484;BLM;10;58.63
104502;104502;BLM;5;4.35
104504;104504;BLM;10;56.82
104632;104632;BLM;5;5.64
104634;104634;BLM;10;76.62
105129;105129;BLM;1;8.94
105142;105142;BLM;100;300.85
105145;105145;BLM;100;300.85
105149;105149;BLM;1;8.94
105152;105152;BLM;100;300.85
105155;105155;BLM;100;300.85
105162;105162;BLM;100;300.85
105164;105164;BLM;50;139.98
105169;105169;BLM;1;13.25
105204;105204;BLM;50;176.28
105209;105209;BLM;1;17.87
105254;105254;BLM;25;130.77
105324;105324;BLM;25;190.3
105404;105404;BLM;20;426.36
105504;105504;BLM;5;127.77
105634;105634;BLM;5;318.26
105644;105644;BLM;5;318.37
107072;107072;BLM;100;12.1
107092;107092;BLM;50;12.93
107094;107094;BLM;50;30.53
107112;107112;BLM;100;12.1
107122;107122;BLM;100;12.1
107132;107132;BLM;100;12.1
107162;107162;BLM;100;12.1
107172;107172;BLM;100;16.5
107202;107202;BLM;100;12.1
107212;107212;BLM;50;8.25
107252;107252;BLM;50;8.25
107292;107292;BLM;25;4.13
107322;107322;BLM;25;4.13
107362;107362;BLM;20;4.84
107402;107402;BLM;20;4.84
107482;107482;BLM;10;2.64
108072;108072;BLM;100;17.6
108092;108092;BLM;50;8.8
108104;108104;BLM;1;263.03
108112;108112;BLM;50;9.08
108122;108122;BLM;100;17.6
108132;108132;BLM;50;10.18
108162;108162;BLM;50;8.8
108172;108172;BLM;50;10.45
108182;108182;BLM;50;9.08
108202;108202;BLM;50;10.18
108212;108212;BLM;25;6.6
108222;108222;BLM;50;10.45
108252;108252;BLM;25;6.6
108292;108292;BLM;20;9.24
108322;108322;BLM;20;9.24
108362;108362;BLM;10;8.8
108402;108402;BLM;10;8.8
108422;108422;BLM;10;9.9
108482;108482;BLM;10;9.9
108502;108502;BLM;10;9.9
108632;108632;BLM;10;9.9
108634;108634;BLM;1;41.39
108724;108724;BLM;1;59.62
108754;108754;BLM;1;59.62
108804;108804;BLM;1;105.21
108904;108904;BLM;1;112.23
109072;109072;BLM;50;14.03
109074;109074;BLM;50;13.48
109112;109112;BLM;50;18.98
109114;109114;BLM;50;40.7
109134;109134;BLM;50;23.93
109164;109164;BLM;50;188.93
109204;109204;BLM;50;283.53
109254;109254;BLM;25;201.03
109324;109324;BLM;25;306.9
109404;109404;BLM;20;660.99
110072;110072;BLM;100;78.1
110092;110092;BLM;50;44.55
110112;110112;BLM;50;49.78
110122;110122;BLM;100;78.1
110132;110132;BLM;50;53.63
110162;110162;BLM;50;49.78
110172;110172;BLM;50;61.6
110202;110202;BLM;50;53.63
110212;110212;BLM;25;57.62
110222;110222;BLM;50;61.6
110252;110252;BLM;25;57.62
111070;111070;BLM;100;7.15
111074;111074;BLM;50;14.3
111090;111090;BLM;100;7.15
111092;111092;BLM;50;17.05
111094;111094;BLM;50;14.03
111110;111110;BLM;100;7.15
111120;111120;BLM;100;6.05
111130;111130;BLM;100;7.15
111132;111132;BLM;50;15.4
111134;111134;BLM;50;24.75
111160;111160;BLM;100;9.35
111170;111170;BLM;100;7.7
111200;111200;BLM;100;9.35
111210;111210;BLM;100;7.7
111250;111250;BLM;100;9.35
111290;111290;BLM;100;11
111320;111320;BLM;100;14.3
111360;111360;BLM;100;15.4
111400;111400;BLM;100;14.85
111420;111420;BLM;100;24.2
111480;111480;BLM;100;26.4
111500;111500;BLM;100;18.7
111630;111630;BLM;100;27.5
111750;111750;BLM;1;1.78
111900;111900;BLM;1;2.02
112120;112120;BLM;100;4.4
112160;112160;BLM;100;3.85
112162;112162;BLM;50;19.8
112164;112164;BLM;50;35.75
112200;112200;BLM;100;6.05
112250;112250;BLM;100;6.05
112320;112320;BLM;100;6.6
112400;112400;BLM;100;11
112500;112500;BLM;100;26.4
112630;112630;BLM;100;29.15
113092;113092;BLM;50;14.03
113094;113094;BLM;50;19.25
113112;113112;BLM;50;23.65
113114;113114;BLM;50;14.58
113172;113172;BLM;20;7.26
113174;113174;BLM;20;19.47
113214;113214;BLM;20;20.46
116094;116094;BLM;50;22.55
116112;116112;BLM;50;14.58
116114;116114;BLM;50;43.73
116122;116122;BLM;50;36.85
116124;116124;BLM;50;21.18
116132;116132;BLM;20;7.7
116134;116134;BLM;20;7.81
116202;116202;BLM;50;14.58
116204;116204;BLM;50;35.75
116212;116212;BLM;20;9.13
116214;116214;BLM;20;22.99
117092;117092;BLM;50;17.6
119120;119120;BLM;100;38.5
119160;119160;BLM;100;38.5
119200;119200;BLM;100;58.3
119250;119250;BLM;100;69.85
119320;119320;BLM;100;102.3
119400;119400;BLM;100;131.45
119500;119500;BLM;100;202.4
119630;119630;BLM;100;229.35
120094;120094;BLM;20;220.99
120162;120162;BLM;50;40.43
120164;120164;BLM;50;25.58
120174;120174;BLM;20;23.98
120252;120252;BLM;20;6.49
120254;120254;BLM;20;20.68
121112;121112;BLM;20;8.36
121114;121114;BLM;20;16.83
121132;121132;BLM;20;8.8
121134;121134;BLM;20;17.05
121172;121172;BLM;20;7.04
121174;121174;BLM;20;38.39
121292;121292;BLM;20;20.02
121294;121294;BLM;20;35.64
125162;125162;BLM;20;16.83
125164;125164;BLM;20;34.54
125174;125174;BLM;20;33.44
125202;125202;BLM;20;18.48
125204;125204;BLM;20;15.95
125322;125322;BLM;20;9.68
125324;125324;BLM;20;42.9
129174;129174;BLM;20;108.13
129212;129212;BLM;20;14.96
129214;129214;BLM;20;24.97
129362;129362;BLM;5;9.38
129364;129364;BLM;5;18.02
130074;130074;BLM;25;15.4
130094;130094;BLM;25;12.79
130114;130114;BLM;25;13.75
130124;130124;BLM;25;14.17
130134;130134;BLM;25;19.94
130164;130164;BLM;25;15.13
130174;130174;BLM;25;20.49
130204;130204;BLM;25;19.39
130214;130214;BLM;25;33.14
130254;130254;BLM;25;25.85
130294;130294;BLM;10;24.04
130324;130324;BLM;10;14.08
130364;130364;BLM;10;47.3
130404;130404;BLM;10;51.59
130424;130424;BLM;10;77.83
130484;130484;BLM;10;92.68
130504;130504;BLM;10;81.51
130634;130634;BLM;10;87.95
132162;132162;BLM;20;26.4
132202;132202;BLM;20;26.4
132204;132204;BLM;20;35.2
132252;132252;BLM;20;26.4
132254;132254;BLM;20;28.05
132402;132402;BLM;5;3.72
132404;132404;BLM;5;14.3
136214;136214;BLM;5;18.43
136292;136292;BLM;20;27.5
136294;136294;BLM;5;12.13
136422;136422;BLM;5;13.84
136424;136424;BLM;5;38.39
137092;137092;BLM;100;12.1
140202;140202;BLM;5;11.5
140252;140252;BLM;5;11.72
140254;140254;BLM;5;19.12
140322;140322;BLM;5;13.73
140324;140324;BLM;5;14.94
140502;140502;BLM;5;8.06
140504;140504;BLM;5;31.27
142362;142362;BLM;5;12.27
142364;142364;BLM;5;25.06
142482;142482;BLM;5;19.39
142484;142484;BLM;5;45.41
148364;148364;BLM;5;28.96
148422;148422;BLM;5;16.42
148424;148424;BLM;10;65.51
150073;150073;BLM;50;9.08
150093;150093;BLM;50;9.08
150113;150113;BLM;50;11.28
150123;150123;BLM;50;9.08
150163;150163;BLM;50;9.08
150173;150173;BLM;50;14.58
150203;150203;BLM;50;11.28
150213;150213;BLM;25;12.52
150253;150253;BLM;50;14.58
150293;150293;BLM;25;24.89
150322;150322;BLM;5;18.29
150323;150323;BLM;25;12.52
150324;150324;BLM;5;24.56
150363;150363;BLM;10;14.19
150402;150402;BLM;5;23.76
150403;150403;BLM;25;24.89
150404;150404;BLM;5;24.59
150503;150503;BLM;10;14.19
150632;150632;BLM;5;11.06
150634;150634;BLM;5;40.21
155094;155094;BLM;1;5.16
155122;155122;BLM;1;3.51
155123;155123;BLM;1;3.51
155124;155124;BLM;1;4.86
155125;155125;BLM;1;3.51
155132;155132;BLM;1;5.26
155133;155133;BLM;1;5.26
155134;155134;BLM;1;6.07
155135;155135;BLM;1;5.26
155162;155162;BLM;1;4.38
155163;155163;BLM;1;4.38
155164;155164;BLM;1;5.16
155165;155165;BLM;1;4.38
155184;155184;BLM;1;5.47
155202;155202;BLM;1;5.26
155203;155203;BLM;1;5.26
155204;155204;BLM;1;6.07
155205;155205;BLM;1;5.26
160202;160202;BLM;50;14.3
160252;160252;BLM;50;17.88
163502;163502;BLM;5;43.87
163504;163504;BLM;5;35.75
163754;163754;BLM;1;40.69
200072;200072;BLM;100;51.7
200074;200074;BLM;50;117.15
200076;200076;BLM;100;51.7
200092;200092;BLM;50;27.78
200094;200094;BLM;50;130.63
200096;200096;BLM;50;27.78
200114;200114;BLM;50;130.63
200122;200122;BLM;100;47.3
200124;200124;BLM;50;119.63
200126;200126;BLM;100;47.3
200132;200132;BLM;50;29.43
200134;200134;BLM;50;146.85
200136;200136;BLM;50;29.43
200162;200162;BLM;50;27.78
200164;200164;BLM;50;130.63
200166;200166;BLM;50;27.78
200172;200172;BLM;50;29.43
200174;200174;BLM;25;81.82
200176;200176;BLM;50;29.43
200182;200182;BLM;50;28.05
200186;200186;BLM;50;29.43
200202;200202;BLM;50;29.43
200204;200204;BLM;50;146.85
200206;200206;BLM;50;29.43
200212;200212;BLM;25;20.22
200214;200214;BLM;25;85.12
200216;200216;BLM;25;20.22
200222;200222;BLM;50;29.43
200226;200226;BLM;50;29.43
200252;200252;BLM;25;20.22
200254;200254;BLM;25;81.82
200256;200256;BLM;25;20.22
200264;200264;BLM;25;93.92
200292;200292;BLM;20;30.8
200294;200294;BLM;20;185.68
200296;200296;BLM;20;30.8
200322;200322;BLM;20;30.8
200324;200324;BLM;25;232.1
200326;200326;BLM;20;30.8
200334;200334;BLM;25;266.89
200362;200362;BLM;10;55.22
200364;200364;BLM;15;344.85
200366;200366;BLM;10;55.22
200402;200402;BLM;10;55.22
200404;200404;BLM;20;459.8
200406;200406;BLM;10;55.22
200414;200414;BLM;20;528.77
200422;200422;BLM;10;69.47
200424;200424;BLM;12;403.2
200426;200426;BLM;10;69.47
200482;200482;BLM;10;94.71
200484;200484;BLM;12;636.57
200486;200486;BLM;10;94.71
200502;200502;BLM;10;69.47
200504;200504;BLM;15;504
200506;200506;BLM;10;69.47
200632;200632;BLM;10;94.71
200634;200634;BLM;12;636.57
200636;200636;BLM;10;94.71
201074;201074;BLM;50;132.83
201094;201094;BLM;50;168.3
201114;201114;BLM;50;168.3
201124;201124;BLM;50;132.83
201134;201134;BLM;50;168.3
201164;201164;BLM;50;168.3
201174;201174;BLM;25;101.75
201204;201204;BLM;50;168.3
201214;201214;BLM;25;97.22
201254;201254;BLM;25;101.75
201264;201264;BLM;25;101.75
201294;201294;BLM;20;222.97
201324;201324;BLM;25;278.72
201334;201334;BLM;25;278.72
201364;201364;BLM;15;417.78
201404;201404;BLM;20;557.04
201414;201414;BLM;20;556.93
201424;201424;BLM;12;482.73
201484;201484;BLM;12;763.89
201504;201504;BLM;15;603.41
201634;201634;BLM;12;763.89
202204;202204;BLM;1;10.33
202254;202254;BLM;1;10.33
204014;204014;BLM;1;71.83
204074;204074;BLM;1;2.15
204094;204094;BLM;1;2.28
204104;204104;BLM;1;5.04
204109;204109;BLM;1;20.35
204114;204114;BLM;1;2.25
204124;204124;BLM;1;1.63
204125;204125;BLM;20;3.52
204129;204129;BLM;1;10.45
204134;204134;BLM;1;2.96
204144;204144;BLM;1;12.59
204149;204149;BLM;1;46.2
204154;204154;BLM;1;19.12
204159;204159;BLM;1;60.5
204164;204164;BLM;1;1.63
204165;204165;BLM;20;3.52
204169;204169;BLM;1;8.25
204174;204174;BLM;1;3.66
204204;204204;BLM;1;2.09
204205;204205;BLM;20;4.18
204209;204209;BLM;1;10.62
204214;204214;BLM;1;5.91
204224;204224;BLM;1;20.62
204229;204229;BLM;1;108.9
204234;204234;BLM;1;21.34
204254;204254;BLM;1;2.99
204255;204255;BLM;20;4.95
204259;204259;BLM;1;14.74
204294;204294;BLM;1;8.44
204304;204304;BLM;1;52.16
204324;204324;BLM;1;5.51
204325;204325;BLM;10;3.85
204329;204329;BLM;1;18.37
204344;204344;BLM;1;3.19
204349;204349;BLM;1;16.23
204354;204354;BLM;1;2.55
204359;204359;BLM;1;11.83
204364;204364;BLM;1;10.76
204374;204374;BLM;1;1.79
204384;204384;BLM;1;1.82
204404;204404;BLM;1;8.67
204405;204405;BLM;1;1.1
204409;204409;BLM;1;42.35
204414;204414;BLM;1;53.1
204424;204424;BLM;1;14.98
204484;204484;BLM;1;23.8
204504;204504;BLM;1;18.74
204505;204505;BLM;1;1.25
204509;204509;BLM;1;55
204634;204634;BLM;1;21.08
204635;204635;BLM;1;1.56
204639;204639;BLM;1;99
204754;204754;BLM;1;36.48
204904;204904;BLM;1;54.03
205129;205129;BLM;1;10.18
209124;209124;BLM;1;8.38
210004;210004;BLM;1;42.83
210014;210014;BLM;1;56.52
210024;210024;BLM;1;7.94
210104;210104;BLM;1;3.69
210114;210114;BLM;1;1.03
210124;210124;BLM;20;23.87
210134;210134;BLM;1;17.07
210144;210144;BLM;1;5.67
210164;210164;BLM;20;19.03
210174;210174;BLM;1;1.48
210204;210204;BLM;20;14.96
210214;210214;BLM;1;2.67
210254;210254;BLM;20;20.24
210324;210324;BLM;20;35.2
210344;210344;BLM;1;17.07
210404;210404;BLM;20;60.17
210504;210504;BLM;10;43.73
210634;210634;BLM;10;68.42
210754;210754;BLM;1;7.74
210904;210904;BLM;1;42.24
211164;211164;BLM;1;8.23
211204;211204;BLM;1;10.71
212124;212124;BLM;1;11.65
212164;212164;BLM;1;10.04
212324;212324;BLM;1;22.08
212344;212344;BLM;1;25.49
213204;213204;BLM;1;8.23
213254;213254;BLM;1;11.6
214254;214254;BLM;1;30.78
214344;214344;BLM;1;22.3
214384;214384;BLM;1;15.47
216124;216124;BLM;1;10.04
216204;216204;BLM;1;10.04
217164;217164;BLM;1;8.5
217254;217254;BLM;1;8.97
218120;218120;BLM;100;18.15
218160;218160;BLM;100;22.55
218200;218200;BLM;100;25.3
218250;218250;BLM;100;35.75
218320;218320;BLM;100;50.6
218400;218400;BLM;100;72.6
218500;218500;BLM;100;73.7
218630;218630;BLM;100;169.4
220164;220164;BLM;1;10.04
220254;220254;BLM;1;10.04
220404;220404;BLM;1;35.46
221254;221254;BLM;1;12.19
221324;221324;BLM;1;12.24
225104;225104;BLM;1;17.4
225124;225124;BLM;1;10.04
225204;225204;BLM;1;10.04
225324;225324;BLM;1;17.4
229404;229404;BLM;1;31.45
230125;230125;BLM;1;0.5
230165;230165;BLM;1;0.5
230205;230205;BLM;1;0.5
230255;230255;BLM;1;0.61
230265;230265;BLM;1;0.72
230325;230325;BLM;1;1.13
230405;230405;BLM;1;1.74
230505;230505;BLM;1;2.56
230515;230515;BLM;1;3.03
230635;230635;BLM;1;3.99
230645;230645;BLM;1;4.9
232104;232104;BLM;1;22.49
232204;232204;BLM;1;12.11
232254;232254;BLM;1;12.72
232404;232404;BLM;1;33.45
234134;234134;BLM;1;16.39
234164;234164;BLM;1;10.04
234204;234204;BLM;1;10.04
234254;234254;BLM;1;11.33
236504;236504;BLM;1;24.99
238164;238164;BLM;1;10.04
239014;239014;BLM;1;288.35
239104;239104;BLM;1;9.47
239109;239109;BLM;1;45.32
239114;239114;BLM;1;15.87
239119;239119;BLM;1;73.65
239124;239124;BLM;1;5.5
239134;239134;BLM;1;6.01
239139;239139;BLM;1;40.79
239144;239144;BLM;1;16.43
239149;239149;BLM;1;79.31
239154;239154;BLM;1;23.23
239159;239159;BLM;1;107.64
239164;239164;BLM;1;6.01
239169;239169;BLM;1;40.51
239174;239174;BLM;1;7.09
239179;239179;BLM;1;41.36
239184;239184;BLM;1;24.36
239189;239189;BLM;1;107.64
239194;239194;BLM;1;28.33
239199;239199;BLM;1;135.96
239204;239204;BLM;1;6.01
239209;239209;BLM;1;40.51
239214;239214;BLM;1;51.56
239219;239219;BLM;1;169.95
239224;239224;BLM;1;7.2
239229;239229;BLM;1;40.79
239234;239234;BLM;1;80.45
239239;239239;BLM;1;339.9
239254;239254;BLM;1;7.2
239259;239259;BLM;1;40.79
239264;239264;BLM;1;8.73
239269;239269;BLM;1;45.89
239274;239274;BLM;1;80.45
239279;239279;BLM;1;368.23
239284;239284;BLM;1;128.6
239289;239289;BLM;1;453.2
239304;239304;BLM;1;173.92
239314;239314;BLM;1;262.29
239324;239324;BLM;1;9.24
239329;239329;BLM;1;55.52
239334;239334;BLM;1;14.9
239339;239339;BLM;1;58.35
239344;239344;BLM;1;7.09
239349;239349;BLM;1;44.19
239354;239354;BLM;1;9.47
239359;239359;BLM;1;45.32
239374;239374;BLM;1;6.24
239384;239384;BLM;1;6.01
239389;239389;BLM;1;36.83
239404;239404;BLM;1;15.76
239409;239409;BLM;1;84.98
239414;239414;BLM;1;21.59
239419;239419;BLM;1;102.54
239424;239424;BLM;1;262.29
239434;239434;BLM;1;263.43
239504;239504;BLM;1;22.84
239509;239509;BLM;1;102.54
239514;239514;BLM;1;26.97
239519;239519;BLM;1;123.5
239634;239634;BLM;1;50.14
239639;239639;BLM;1;216.41
239644;239644;BLM;1;71.38
239649;239649;BLM;1;339.9
239754;239754;BLM;1;80.45
239759;239759;BLM;1;368.23
239764;239764;BLM;1;126.33
239769;239769;BLM;1;453.2
239904;239904;BLM;1;181.85
239914;239914;BLM;1;262.29
240254;240254;BLM;1;28.12
240324;240324;BLM;1;24.75
240504;240504;BLM;1;42.82
242634;242634;BLM;1;37.48
250324;250324;BLM;1;40.61
250404;250404;BLM;1;38.14
250634;250634;BLM;1;59.54
259014;259014;BLM;1;679.8
259104;259104;BLM;1;37.17
259109;259109;BLM;1;132.57
259124;259124;BLM;1;10.2
259134;259134;BLM;1;11.79
259139;259139;BLM;1;60.62
259144;259144;BLM;1;53.15
259149;259149;BLM;1;151.26
259164;259164;BLM;1;10.2
259174;259174;BLM;1;74.78
259179;259179;BLM;1;209.61
259184;259184;BLM;1;11.79
259204;259204;BLM;1;11.79
259209;259209;BLM;1;60.62
259214;259214;BLM;1;213.01
259219;259219;BLM;1;409.58
259254;259254;BLM;1;24.42
259259;259259;BLM;1;82.71
259274;259274;BLM;1;300.25
259304;259304;BLM;1;467.37
259324;259324;BLM;1;37.17
259329;259329;BLM;1;132.57
259344;259344;BLM;1;24.42
259349;259349;BLM;1;82.71
259374;259374;BLM;1;10.2
259384;259384;BLM;1;10.2
259394;259394;BLM;1;11.79
259404;259404;BLM;1;53.15
259409;259409;BLM;1;151.26
259424;259424;BLM;1;679.8
259504;259504;BLM;1;74.78
259509;259509;BLM;1;209.61
259634;259634;BLM;1;213.01
259639;259639;BLM;1;409.58
259754;259754;BLM;1;300.25
259904;259904;BLM;1;467.37
263214;263214;BLM;1;159.27
263504;263504;BLM;1;59.54
263754;263754;BLM;1;100.35
269124;269124;BLM;1;12.65
269129;269129;BLM;1;44
269164;269164;BLM;1;12.65
269169;269169;BLM;1;44
269204;269204;BLM;1;13.2
269209;269209;BLM;1;45.1
269254;269254;BLM;1;16.5
269259;269259;BLM;1;55
269324;269324;BLM;1;25.85
269329;269329;BLM;1;88
269404;269404;BLM;1;40.15
269409;269409;BLM;1;137.5
269504;269504;BLM;1;55
269509;269509;BLM;1;192.5
270124;270124;BLM;1;23.1
270129;270129;BLM;1;82.5
270164;270164;BLM;1;23.1
270169;270169;BLM;1;82.5
270204;270204;BLM;1;24.75
270209;270209;BLM;1;88
270254;270254;BLM;1;30.25
270259;270259;BLM;1;106.15
270324;270324;BLM;1;44
270329;270329;BLM;1;165
270404;270404;BLM;1;62.15
270409;270409;BLM;1;231
270504;270504;BLM;1;92.4
270509;270509;BLM;1;341
271124;271124;BLM;1;23.1
271129;271129;BLM;1;82.5
271164;271164;BLM;1;23.1
271169;271169;BLM;1;82.5
271204;271204;BLM;1;24.75
271209;271209;BLM;1;88
271254;271254;BLM;1;30.25
271259;271259;BLM;1;106.15
271324;271324;BLM;1;44
271329;271329;BLM;1;165
271404;271404;BLM;1;62.15
271409;271409;BLM;1;231
271504;271504;BLM;1;92.4
271509;271509;BLM;1;341
275504;275504;BLM;1;73.59
275634;275634;BLM;1;107.07
279074;279074;BLM;1;10.2
279084;279084;BLM;1;24.42
279089;279089;BLM;1;91.78
279094;279094;BLM;1;10.09
279099;279099;BLM;1;56.65
279104;279104;BLM;1;37.17
279109;279109;BLM;1;132.57
279114;279114;BLM;1;11.57
279119;279119;BLM;1;56.65
279124;279124;BLM;1;10.2
279129;279129;BLM;1;56.65
279134;279134;BLM;1;42.89
279139;279139;BLM;1;132.57
279144;279144;BLM;1;14.62
279149;279149;BLM;1;64.59
279154;279154;BLM;1;53.15
279159;279159;BLM;1;151.26
279164;279164;BLM;1;11.57
279169;279169;BLM;1;56.65
279174;279174;BLM;1;53.15
279179;279179;BLM;1;155.23
279184;279184;BLM;1;10.09
279189;279189;BLM;1;56.65
279194;279194;BLM;1;74.22
279199;279199;BLM;1;205.64
279204;279204;BLM;1;11.57
279209;279209;BLM;1;56.65
279214;279214;BLM;1;127.47
279219;279219;BLM;1;253.23
279224;279224;BLM;1;14.62
279229;279229;BLM;1;64.59
279234;279234;BLM;1;11.57
279239;279239;BLM;1;64.59
279244;279244;BLM;1;14.62
279249;279249;BLM;1;64.59
279254;279254;BLM;1;24.42
279259;279259;BLM;1;82.71
279264;279264;BLM;1;133.13
279269;279269;BLM;1;407.88
279284;279284;BLM;1;216.97
279304;279304;BLM;1;11.57
279309;279309;BLM;1;64.59
279314;279314;BLM;1;24.42
279319;279319;BLM;1;91.78
279324;279324;BLM;1;37.17
279329;279329;BLM;1;132.57
279334;279334;BLM;1;14.62
279339;279339;BLM;1;64.59
279344;279344;BLM;1;24.42
279349;279349;BLM;1;82.71
279374;279374;BLM;1;10.2
279379;279379;BLM;1;56.65
279394;279394;BLM;1;42.89
279399;279399;BLM;1;132.57
279404;279404;BLM;1;53.15
279409;279409;BLM;1;151.26
279414;279414;BLM;1;11.57
279419;279419;BLM;1;56.65
279504;279504;BLM;1;53.15
279509;279509;BLM;1;155.23
279514;279514;BLM;1;74.22
279519;279519;BLM;1;205.64
279634;279634;BLM;1;127.47
279639;279639;BLM;1;253.23
279644;279644;BLM;1;133.13
279649;279649;BLM;1;407.88
279754;279754;BLM;1;216.97
290754;290754;BLM;1;120.09
292164;292164;BLM;1;14.88
292204;292204;BLM;1;14.88
292254;292254;BLM;1;17.85
292404;292404;BLM;1;71.38
293254;293254;BLM;1;17.85
300070;300070;BLM;50;46.48
300075;300075;BLM;25;15.95
300090;300090;BLM;50;54.45
300095;300095;BLM;25;22.14
300110;300110;BLM;50;66
300114;300114;BLM;10;20.68
300115;300115;BLM;25;24.2
300130;300130;BLM;50;73.7
300135;300135;BLM;25;29.15
300170;300170;BLM;50;81.4
300174;300174;BLM;10;22.06
300175;300175;BLM;25;33.28
300210;300210;BLM;25;54.32
300214;300214;BLM;10;24.59
300215;300215;BLM;25;38.23
300290;300290;BLM;15;42.49
300294;300294;BLM;5;17.91
300295;300295;BLM;25;56.38
300300;300300;BLM;10;216.65
300360;300360;BLM;15;61.63
300364;300364;BLM;5;51.79
300365;300365;BLM;25;65.18
300400;300400;BLM;10;293.1
300424;300424;BLM;5;68.81
300480;300480;BLM;15;88.36
300484;300484;BLM;5;86.02
300485;300485;BLM;25;122.65
303094;303094;BLM;50;141.9
303114;303114;BLM;50;141.9
303134;303134;BLM;50;141.9
303164;303164;BLM;50;139.7
303174;303174;BLM;50;141.9
303184;303184;BLM;50;141.9
303194;303194;BLM;50;141.9
303204;303204;BLM;50;141.9
303214;303214;BLM;50;211.75
303254;303254;BLM;25;105.88
303294;303294;BLM;20;139.59
303324;303324;BLM;10;69.8
303364;303364;BLM;15;294.45
303404;303404;BLM;5;98.15
303424;303424;BLM;5;128.68
303484;303484;BLM;5;135.22
303504;303504;BLM;5;128.68
303634;303634;BLM;4;108.18
304114;304114;BLM;50;318.18
304134;304134;BLM;50;318.18
304164;304164;BLM;50;318.18
304174;304174;BLM;50;369.6
304204;304204;BLM;50;369.6
304214;304214;BLM;25;241.87
304254;304254;BLM;25;241.87
304294;304294;BLM;10;172.21
304324;304324;BLM;10;172.21
304364;304364;BLM;5;126.12
304404;304404;BLM;5;126.12
304484;304484;BLM;4;211.4
304504;304504;BLM;5;182.71
304634;304634;BLM;4;211.4
305072;305072;BLM;50;35.75
305092;305092;BLM;50;35.75
305112;305112;BLM;50;35.75
305132;305132;BLM;50;35.75
305172;305172;BLM;50;39.05
305212;305212;BLM;50;70.95
305292;305292;BLM;50;88.83
305362;305362;BLM;50;110.28
305482;305482;BLM;50;145.75
306075;306075;BLM;50;37.95
306095;306095;BLM;50;61.05
306115;306115;BLM;50;69.3
306135;306135;BLM;50;77.28
306175;306175;BLM;50;85.53
306215;306215;BLM;25;58.99
306295;306295;BLM;25;81.4
306305;306305;BLM;10;404.58
306365;306365;BLM;25;121.97
306405;306405;BLM;10;930.11
306485;306485;BLM;20;138.27
307072;307072;BLM;100;28.05
307074;307074;BLM;50;66.83
307092;307092;BLM;100;25.3
307094;307094;BLM;50;75.35
307112;307112;BLM;100;25.85
307114;307114;BLM;50;94.6
307124;307124;BLM;100;133.65
307132;307132;BLM;100;28.05
307134;307134;BLM;50;113.85
307164;307164;BLM;50;75.35
307172;307172;BLM;100;31.9
307174;307174;BLM;50;126.78
307204;307204;BLM;50;94.6
307212;307212;BLM;100;50.05
307214;307214;BLM;50;178.2
307224;307224;BLM;50;109.45
307254;307254;BLM;50;126.78
307264;307264;BLM;50;143
307292;307292;BLM;25;17.33
307294;307294;BLM;20;141.02
307314;307314;BLM;1;655.54
307324;307324;BLM;50;178.2
307334;307334;BLM;50;180.13
307362;307362;BLM;25;28.47
307364;307364;BLM;15;156.09
307404;307404;BLM;20;141.02
307414;307414;BLM;1;675.27
307434;307434;BLM;20;165
307482;307482;BLM;25;56.93
307484;307484;BLM;5;119.08
307504;307504;BLM;15;156.09
307634;307634;BLM;5;119.08
307904;307904;BLM;1;162.39
309105;309105;BLM;50;271.15
309125;309125;BLM;75;348.57
309165;309165;BLM;60;325.38
309215;309215;BLM;50;387.2
309265;309265;BLM;30;348.48
309355;309355;BLM;30;464.64
309405;309405;BLM;15;464.64
309515;309515;BLM;15;522.72
309635;309635;BLM;7.5;522.72
311072;311072;BLM;100;57.75
311075;311075;BLM;100;83.6
311085;311085;BLM;50;41.8
311092;311092;BLM;100;63.8
311095;311095;BLM;100;83.6
311105;311105;BLM;50;41.8
311112;311112;BLM;100;76.45
311115;311115;BLM;100;83.6
311132;311132;BLM;100;96.8
311145;311145;BLM;50;43.73
311155;311155;BLM;100;87.45
311172;311172;BLM;100;105.05
311175;311175;BLM;100;94.05
311212;311212;BLM;50;75.35
311215;311215;BLM;50;67.93
311292;311292;BLM;50;103.68
311295;311295;BLM;30;56.43
311362;311362;BLM;25;68.48
311365;311365;BLM;20;45.98
311482;311482;BLM;20;76.45
311485;311485;BLM;10;32.73
312125;312125;BLM;100;132
312165;312165;BLM;100;132
312185;312185;BLM;100;132
312205;312205;BLM;100;132
312225;312225;BLM;100;132
312245;312245;BLM;100;167.75
312255;312255;BLM;50;108.08
312285;312285;BLM;50;122.38
312325;312325;BLM;30;85.97
312385;312385;BLM;30;95.7
312405;312405;BLM;20;72.82
312495;312495;BLM;20;96.58
312505;312505;BLM;10;51.54
312635;312635;BLM;10;51.87
312705;312705;BLM;1;17.38
312955;312955;BLM;1;22.54
313095;313095;BLM;100;18.7
313115;313115;BLM;100;20.35
313135;313135;BLM;100;20.35
313165;313165;BLM;100;17.05
313175;313175;BLM;100;28.6
313205;313205;BLM;100;23.1
313215;313215;BLM;100;44.55
313225;313225;BLM;100;24.75
313255;313255;BLM;100;25.85
313295;313295;BLM;50;29.7
313325;313325;BLM;100;28.6
313365;313365;BLM;25;17.47
313405;313405;BLM;50;28.6
313505;313505;BLM;25;31.35
315075;315075;BLM;50;36.03
315095;315095;BLM;50;36.03
315104;315104;BLM;10;8.14
315115;315115;BLM;50;42.08
315124;315124;BLM;10;8.53
315164;315164;BLM;10;8.8
315175;315175;BLM;50;58.3
315204;315204;BLM;10;10.67
315215;315215;BLM;50;87.18
315254;315254;BLM;10;11.06
315295;315295;BLM;50;115.23
315324;315324;BLM;10;12.27
315365;315365;BLM;30;92.24
315404;315404;BLM;5;13.51
315485;315485;BLM;30;125.73
315504;315504;BLM;5;17.36
315634;315634;BLM;1;6.08
315705;315705;BLM;10;315.43
315955;315955;BLM;10;408.76
317115;317115;BLM;20;87.56
318105;318105;BLM;50;468.33
318125;318125;BLM;50;267.58
318165;318165;BLM;50;294.53
318205;318205;BLM;50;331.38
318255;318255;BLM;50;394.9
318325;318325;BLM;25;267.58
318405;318405;BLM;25;506.83
318505;318505;BLM;10;220.11
318635;318635;BLM;10;421.47
321175;321175;BLM;20;102.52
325075;325075;BLM;50;40.43
325095;325095;BLM;50;44.83
325115;325115;BLM;50;57.75
325175;325175;BLM;50;97.08
325215;325215;BLM;30;85.64
325295;325295;BLM;30;97.68
325365;325365;BLM;10;42.08
325485;325485;BLM;10;63.64
329215;329215;BLM;10;67.6
330902;330902;BLM;20;77.33
331102;331102;BLM;20;83.71
331702;331702;BLM;20;90.2
332102;332102;BLM;10;57.97
332902;332902;BLM;5;51.51
333602;333602;BLM;5;64.38
336295;336295;BLM;5;45.41
340094;340094;BLM;1;2.9
340114;340114;BLM;1;2.9
340134;340134;BLM;1;2.9
340174;340174;BLM;1;2.9
340214;340214;BLM;1;4.33
340294;340294;BLM;1;8.63
340364;340364;BLM;1;19.09
340484;340484;BLM;1;28.9
345115;345115;BLM;50;133.65
345175;345175;BLM;50;133.65
345185;345185;BLM;50;117.7
345215;345215;BLM;30;141.08
345225;345225;BLM;5;13.37
345255;345255;BLM;30;129.86
345295;345295;BLM;10;72.77
345325;345325;BLM;10;72.77
345365;345365;BLM;10;113.14
345405;345405;BLM;10;113.14
345485;345485;BLM;5;64.55
345505;345505;BLM;5;64.55
348365;348365;BLM;5;58.91
390095;390095;BLM;50;114.4
390115;390115;BLM;50;114.4
390135;390135;BLM;50;125.68
390165;390165;BLM;50;114.4
390175;390175;BLM;50;133.65
390185;390185;BLM;50;114.4
390205;390205;BLM;50;114.4
390215;390215;BLM;30;108.24
390225;390225;BLM;50;128.98
390255;390255;BLM;30;108.24
390295;390295;BLM;20;97.9
390325;390325;BLM;20;97.9
390365;390365;BLM;10;54.73
390405;390405;BLM;10;54.73
390485;390485;BLM;10;73.7
390505;390505;BLM;10;77.88
395175;395175;BLM;50;146.58
395215;395215;BLM;30;145.86
395295;395295;BLM;10;81.13
395365;395365;BLM;10;130.02
395485;395485;BLM;5;80.47
395705;395705;BLM;1;12.88
395955;395955;BLM;1;19.32
400022;400022;BLM;5000;250
400032;400032;BLM;5000;275
400042;400042;BLM;5000;350
400052;400052;BLM;5000;375
400082;400082;BLM;2500;375
400122;400122;BLM;100;6
400132;400132;BLM;100;6.5
400142;400142;BLM;100;8
400152;400152;BLM;50;4
400182;400182;BLM;50;8
401011;401011;BLM;100;7
401022;401022;BLM;100;7.2
401111;401111;BLM;5000;575
401122;401122;BLM;5000;600
401202;401202;BLM;100;5.8
401302;401302;BLM;100;6.5
401322;401322;BLM;100;7.5
402104;402104;BLM;100;45.5
402106;402106;BLM;10;4.85
402110;402110;BLM;100;71.5
402116;402116;BLM;50;76.75
402125;402125;BLM;50;170.5
410060;410060;BLM;250;33.75
440060;440060;BLM;12;6.66
440100;440100;BLM;12;7.2
440160;440160;BLM;12;9.24
440250;440250;BLM;12;12.6
440500;440500;BLM;1;2.45
440700;440700;BLM;1;3.64
440950;440950;BLM;1;4.26
441200;441200;BLM;1;5.12
441500;441500;BLM;1;12.21
460020;460020;BLM;10000;650
460030;460030;BLM;10000;700
460040;460040;BLM;5000;450
460050;460050;BLM;5000;450
460080;460080;BLM;2500;450
460120;460120;BLM;200;6
460130;460130;BLM;150;5.33
460140;460140;BLM;100;4
460150;460150;BLM;100;4.8
460180;460180;BLM;50;4.2
470030;470030;BLM;1000;185
470050;470050;BLM;5000;1375
470130;470130;BLM;50;8.5
470150;470150;BLM;50;15
499991;499991;BLM;12;45.6
510170;510170;BLM;1;5.25
510250;510250;BLM;5;31.25
515000;515000;BLM;10;16.25
515100;515100;BLM;10;14
515209;515209;BLM;50;19
515300;515300;BLM;50;45.5
515303;515303;BLM;50;47.75
515309;515309;BLM;50;24
515313;515313;BLM;50;50
515409;515409;BLM;50;37.5
515413;515413;BLM;50;97
515420;515420;BLM;50;41
515423;515423;BLM;50;92.5
515429;515429;BLM;50;41
515503;515503;BLM;20;67.7
515509;515509;BLM;20;39
515609;515609;BLM;12;36
515709;515709;BLM;8;40
515809;515809;BLM;8;96
525309;525309;BLM;150;111
525409;525409;BLM;100;129
525429;525429;BLM;100;144.5
525509;525509;BLM;20;55.2
525609;525609;BLM;12;53.94
525709;525709;BLM;8;56.76
525809;525809;BLM;8;105.08
535409;535409;BLM;100;129
535429;535429;BLM;100;144.5
535509;535509;BLM;20;55.2
535609;535609;BLM;12;53.94
535709;535709;BLM;8;56.76
535809;535809;BLM;8;105.08
545409;545409;BLM;1;4.5
545429;545429;BLM;1;6
545609;545609;BLM;1;13.58
550503;550503;BLM;1;5.02
550504;550504;BLM;1;6.72
550506;550506;BLM;1;7.82
550508;550508;BLM;1;8.53
550512;550512;BLM;1;13.04
555000;555000;BLM;50;32.5
555300;555300;BLM;50;93.75
555303;555303;BLM;50;98.5
555310;555310;BLM;50;98.5
555313;555313;BLM;50;103.25
555410;555410;BLM;50;95
555413;555413;BLM;50;160
555420;555420;BLM;50;145
555423;555423;BLM;50;152.5
555500;555500;BLM;20;93
555503;555503;BLM;20;97.7
590170;590170;BLM;1;8.5
590179;590179;BLM;1;16.5
590250;590250;BLM;5;50
590259;590259;BLM;1;19.5
590700;590700;BLM;10;8
590710;590710;BLM;10;13
600000;600000;BLM;10;36.25
600150;600150;BLM;10;18
600509;600509;BLM;50;17.5
600550;600550;BLM;50;17.5
600559;600559;BLM;50;17.5
600800;600800;BLM;100;161
600859;600859;BLM;100;175
600900;600900;BLM;100;25.5
601200;601200;BLM;100;168.5
601210;601210;BLM;100;60
601220;601220;BLM;100;108.5
601400;601400;BLM;50;110
601409;601409;BLM;50;110
601559;601559;BLM;50;93
610000;610000;BLM;10;20
610010;610010;BLM;25;57.88
610020;610020;BLM;10;20
610060;610060;BLM;10;20
610080;610080;BLM;10;28
610090;610090;BLM;10;17
610150;610150;BLM;10;6.75
610320;610320;BLM;10;28
610400;610400;BLM;50;17
610409;610409;BLM;50;8
610459;610459;BLM;50;18.75
610469;610469;BLM;50;18
610500;610500;BLM;10;21
610509;610509;BLM;50;21.25
610540;610540;BLM;100;220
610545;610545;BLM;1;10.71
610549;610549;BLM;50;110
610550;610550;BLM;100;225
610559;610559;BLM;100;225
610655;610655;BLM;1;13.39
610670;610670;BLM;1;30
610675;610675;BLM;1;13.39
610685;610685;BLM;1;13.39
610755;610755;BLM;10;150
610795;610795;BLM;10;150
610860;610860;BLM;25;25
610865;610865;BLM;1;18.75
610869;610869;BLM;1;1
611150;611150;BLM;10;20
611250;611250;BLM;10;28
611300;611300;BLM;10;20
612250;612250;BLM;10;28
612500;612500;BLM;10;28
613000;613000;BLM;10;30
613400;613400;BLM;1;102
613409;613409;BLM;1;45
613469;613469;BLM;1;107.25
615250;615250;BLM;50;65
616050;616050;BLM;1;85.5
616120;616120;BLM;1000;50
616150;616150;BLM;1;177.5
616155;616155;BLM;1;157.5
616300;616300;BLM;1;230
616400;616400;BLM;1;204
620000;620000;BLM;10;21.25
620020;620020;BLM;10;21.25
620060;620060;BLM;10;21.25
620080;620080;BLM;10;29.5
620090;620090;BLM;10;18
620150;620150;BLM;10;8
620160;620160;BLM;1000;60
620320;620320;BLM;10;29.5
620500;620500;BLM;10;22
620570;620570;BLM;100;85
620710;620710;BLM;100;115
620719;620719;BLM;20;22
621150;621150;BLM;10;21.25
621250;621250;BLM;10;29.5
621300;621300;BLM;10;21.25
622250;622250;BLM;10;29.5
622500;622500;BLM;10;29.5
622549;622549;BLM;50;171.75
622550;622550;BLM;100;357.5
622559;622559;BLM;100;355
623000;623000;BLM;10;32.5
625000;625000;BLM;1;20
625050;625050;BLM;1;8
625150;625150;BLM;1;30
625160;625160;BLM;50;50
625210;625210;BLM;1000;65
625300;625300;BLM;1;15
625500;625500;BLM;50;77.5
625550;625550;BLM;100;217
625600;625600;BLM;100;217
627010;627010;BLM;100;315.5
627400;627400;BLM;100;343.5
627409;627409;BLM;50;171.75
627540;627540;BLM;100;343.5
627549;627549;BLM;50;122.5
627550;627550;BLM;100;357.5
627559;627559;BLM;100;245
629719;629719;BLM;10;14
630000;630000;BLM;10;22.5
630020;630020;BLM;10;22.5
630060;630060;BLM;10;22.5
630080;630080;BLM;10;31
630090;630090;BLM;10;20
630150;630150;BLM;10;9.25
630320;630320;BLM;10;31
630500;630500;BLM;10;24.5
630570;630570;BLM;100;117.5
630710;630710;BLM;100;170
630719;630719;BLM;10;11.5
631150;631150;BLM;10;22.5
631250;631250;BLM;10;31
631300;631300;BLM;10;22.5
632250;632250;BLM;10;31
632260;632260;BLM;500;35
632500;632500;BLM;10;31
633000;633000;BLM;10;35
635050;635050;BLM;1;11
635150;635150;BLM;1;33
639719;639719;BLM;10;19.5
640150;640150;BLM;10;10.5
642559;642559;BLM;100;600
645050;645050;BLM;1;102.5
645150;645150;BLM;1;183
645250;645250;BLM;1;188.5
647550;647550;BLM;100;600
647559;647559;BLM;100;600
650000;650000;BLM;10;25
650020;650020;BLM;10;25
650050;650050;BLM;1;117.5
650060;650060;BLM;10;25
650080;650080;BLM;10;32.5
650090;650090;BLM;10;22
650150;650150;BLM;10;11.75
650320;650320;BLM;10;32.5
650500;650500;BLM;10;26
650651;650651;BLM;50;8.25
650661;650661;BLM;50;9.5
650820;650820;BLM;100;14
651000;651000;BLM;1;1.5
651010;651010;BLM;1;4
651015;651015;BLM;1;2
651017;651017;BLM;1;2.5
651150;651150;BLM;10;25
651250;651250;BLM;10;32.5
651300;651300;BLM;10;25
651500;651500;BLM;50;154.5
651515;651515;BLM;1;5
651717;651717;BLM;1;6
652250;652250;BLM;10;32.5
653000;653000;BLM;10;37.5
654400;654400;BLM;25;77.25
660150;660150;BLM;10;13
660500;660500;BLM;10;30
662500;662500;BLM;10;32.5
670150;670150;BLM;10;14.25
680000;680000;BLM;10;28.75
680020;680020;BLM;10;28.75
680060;680060;BLM;10;28.75
680080;680080;BLM;10;37
680150;680150;BLM;10;15.5
680320;680320;BLM;10;37
680400;680400;BLM;50;30.25
680410;680410;BLM;50;206.25
680427;680427;BLM;50;261.25
680500;680500;BLM;50;35.75
680510;680510;BLM;50;206.25
680527;680527;BLM;50;261.25
680900;680900;BLM;1;80.85
681150;681150;BLM;10;28.75
681250;681250;BLM;10;37
681300;681300;BLM;10;28.75
682250;682250;BLM;10;37
682710;682710;BLM;10;22.55
682715;682715;BLM;10;25
683400;683400;BLM;1;181.5
683710;683710;BLM;10;35.75
683715;683715;BLM;10;40
689527;689527;BLM;50;330
690000;690000;BLM;10;22.5
690001;690001;BLM;1;3
690002;690002;BLM;1;3
690003;690003;BLM;1;3
690009;690009;BLM;1;3
690010;690010;BLM;100;4
690050;690050;BLM;10;30
690060;690060;BLM;10;20
690070;690070;BLM;10;10
690099;690099;BLM;1;2.5
690120;690120;BLM;1;5.25
690160;690160;BLM;100;17.5
690170;690170;BLM;1;8
690180;690180;BLM;1;10
690200;690200;BLM;100;19
690250;690250;BLM;100;21
690300;690300;BLM;50;16.25
690320;690320;BLM;50;11.25
690400;690400;BLM;50;14
690409;690409;BLM;10;35
690410;690410;BLM;50;187.5
690419;690419;BLM;1;10
690427;690427;BLM;50;145
690500;690500;BLM;50;24
690509;690509;BLM;5;22.5
690510;690510;BLM;50;187.5
690519;690519;BLM;5;52.5
690522;690522;BLM;50;237.5
690527;690527;BLM;50;145
690540;690540;BLM;50;187.5
690542;690542;BLM;50;237.5
690547;690547;BLM;50;145
690640;690640;BLM;50;2.5
690650;690650;BLM;50;2.5
690790;690790;BLM;10;35
690800;690800;BLM;10;35
690860;690860;BLM;10;19
690869;690869;BLM;1;6
690891;690891;BLM;1;11.5
690892;690892;BLM;1;11.5
690893;690893;BLM;1;11.5
690899;690899;BLM;10;55
690900;690900;BLM;1;73.5
691113;691113;BLM;2;13.5
692250;692250;BLM;10;40
692710;692710;BLM;10;13
692719;692719;BLM;1;7
693050;693050;BLM;5;27.5
693400;693400;BLM;1;84
693710;693710;BLM;10;16
693719;693719;BLM;1;9
694000;694000;BLM;25;7.5
694300;694300;BLM;1;68.5
694310;694310;BLM;1;68.5
695000;695000;BLM;50;20
695070;695070;BLM;5;28.75
695900;695900;BLM;1;75
696300;696300;BLM;50;25
697090;697090;BLM;2;12
699011;699011;BLM;2;13
699020;699020;BLM;10;36.25
699060;699060;BLM;10;36.25
699080;699080;BLM;10;40
699150;699150;BLM;10;36.25
699250;699250;BLM;10;40
699300;699300;BLM;10;36.25
699320;699320;BLM;10;40
699522;699522;BLM;50;300
699527;699527;BLM;50;300
699950;699950;BLM;1;540
700501;700501;BLM;50;40
700519;700519;BLM;100;71
700521;700521;BLM;50;10
700522;700522;BLM;50;25
700529;700529;BLM;100;18.5
710100;710100;BLM;25;16.25
710110;710110;BLM;20;12.7
710122;710122;BLM;25;30.88
750000;750000;BLM;50;10.5
750001;750001;BLM;50;10.5
750050;750050;BLM;100;27.5
750100;750100;BLM;50;31.75
750105;750105;BLM;10;51
750150;750150;BLM;50;13.25
750192;750192;BLM;100;51
750193;750193;BLM;100;51
750194;750194;BLM;100;51
750199;750199;BLM;100;61.5
750400;750400;BLM;50;40
754110;754110;BLM;100;28.5
755108;755108;BLM;1;15.3
755120;755120;BLM;1;16.99
759020;759020;BLM;100;28.5
795100;795100;BLM;100;232.5
795127;795127;BLM;100;334.5
795192;795192;BLM;100;255
797192;797192;BLM;100;378.5
797193;797193;BLM;100;378.5
